{
    "cdc": {
        "pvalue": "NA",
        "error": [
            0.12421713954156055,
            0.12584967860060625,
            0.021562517788116464,
            0.19895210522772055,
            0.32715380809302275,
            0.36419290297848184,
            0.32791635809063346,
            0.38889419182391927,
            0.4961802776197193,
            0.46513008820562174,
            0.5044575374303149,
            0.236942735930616,
            0.5091453145832205
        ],
        "predictions": [
            1.980095326614563,
            2.0064562164291773,
            1.856308449750724,
            1.8639915796148878,
            1.9839341255760161,
            1.894727211854797,
            1.9006749727096524,
            1.8987676757994953,
            1.894006063082014,
            1.8828260542083874,
            1.843810851256427,
            1.5448923784615876,
            1.7497846014119671
        ]
    },
    "27": {
        "pvalue": 0.375,
        "error": [
            0.47260718205403607,
            0.27765511381086583,
            0.41557856406078764,
            0.3463830720813674,
            0.40917404300268134,
            0.505232026508013,
            0.4635861866265989,
            0.4890046710178473,
            0.3281068124581712,
            0.4323691135919352
        ],
        "predictions": [
            2.1376466564412033,
            1.9344354312938592,
            1.9461128729371029,
            1.9191416867003863,
            1.9190475269782574,
            1.9030578119703077,
            1.8812821526293646,
            1.8283579848439595,
            1.6360564549891428,
            1.6730084004206818
        ]
    },
    "149": {
        "pvalue": 0.5185546875,
        "error": [
            0.02977680377159775,
            0.028062083142252225,
            0.2026243006174402,
            0.23507741654519343,
            0.4065571306773961,
            0.3183932632431119,
            0.38516424904857405,
            0.4883555909108104,
            0.40657590048217496,
            0.8265379886614772,
            0.3016112605510961,
            0.4298634943082378
        ],
        "predictions": [
            1.8508297340569733,
            1.8628080151048598,
            1.8676637750046075,
            1.8918577340281868,
            1.9370914395537113,
            1.8911518778621308,
            1.8950377330241501,
            1.886181376373105,
            1.8242718664849407,
            2.1658913024875894,
            1.6095609030820677,
            1.6705027811369844
        ]
    },
    "187": {
        "pvalue": 0.5703125,
        "error": [
            0.2233711057712684,
            0.357973039567822,
            0.3662504042675554,
            0.3986449149137583,
            0.49719278576913983,
            0.38529812726486923,
            0.4449581235168638,
            0.45901472616458494,
            0.3288221989913329
        ],
        "predictions": [
            1.8801514232542618,
            1.8885073484441373,
            1.9390090188865743,
            1.9085183988893344,
            1.8950185712314345,
            1.802994093267635,
            1.784311437342976,
            1.7669643686955565,
            1.5694614858200795
        ]
    }
}