{
    "cdc": {
        "pvalue": "NA",
        "error": [
            0.12421713954156055,
            0.12584967860060625,
            0.021562517788116464,
            0.19895210522772055,
            0.32715380809302275,
            0.36419290297848184,
            0.32791635809063346,
            0.38889419182391927,
            0.4961802776197193,
            0.46513008820562174,
            0.5044575374303149,
            0.236942735930616,
            0.5091453145832205
        ],
        "predictions": [
            1.980095326614563,
            2.0064562164291773,
            1.856308449750724,
            1.8639915796148878,
            1.9839341255760161,
            1.894727211854797,
            1.9006749727096524,
            1.8987676757994953,
            1.894006063082014,
            1.8828260542083874,
            1.843810851256427,
            1.5448923784615876,
            1.7497846014119671
        ]
    },
    "166": {
        "pvalue": 0.0322265625,
        "error": [
            0.2877718593370724,
            0.20902799864425803,
            0.24256809794935097,
            0.3860051702333338,
            0.3407238972824642,
            0.47098963884915834,
            0.5573222424159576,
            0.4981182684117742,
            0.521788422611575,
            0.4833944516499673,
            0.5274184997157858
        ],
        "predictions": [
            1.5469740726255352,
            1.8740674730314253,
            1.8993484154323443,
            1.916539479109649,
            1.913482511901483,
            1.9808631228247344,
            1.9551480278782523,
            1.91581423441454,
            1.8611417364376872,
            1.7913440941809389,
            1.7680577865445324
        ]
    },
    "8": {
        "pvalue": 0.365234375,
        "error": [
            0.02338673533396607,
            0.19981559454241338,
            0.23140552168505346,
            0.4030932026519356,
            0.2672424534975488,
            0.2018780766294146,
            0.4256850387106479,
            0.3895111342708786,
            0.47421965727000437,
            0.49774361027883174,
            0.5334451529519086
        ],
        "predictions": [
            1.8581326672965737,
            1.8648550689295806,
            1.8881858391680468,
            1.9336275115282509,
            1.8400010681165677,
            1.7117515606049907,
            1.8235108241729425,
            1.8072071002736443,
            1.8135729710961166,
            1.8056932528098033,
            1.7740844397806552
        ]
    }
}