{
    "cdc": {
        "pvalue": "NA",
        "error": [
            0.12421713954156055,
            0.12584967860060625,
            0.021562517788116464,
            0.19895210522772055,
            0.32715380809302275,
            0.36419290297848184,
            0.32791635809063346,
            0.38889419182391927,
            0.4961802776197193,
            0.46513008820562174,
            0.5044575374303149,
            0.236942735930616,
            0.5091453145832205
        ],
        "predictions": [
            1.980095326614563,
            2.0064562164291773,
            1.856308449750724,
            1.8639915796148878,
            1.9839341255760161,
            1.894727211854797,
            1.9006749727096524,
            1.8987676757994953,
            1.894006063082014,
            1.8828260542083874,
            1.843810851256427,
            1.5448923784615876,
            1.7497846014119671
        ]
    },
    "1_mon": {
        "pvalue": 0.85009765625,
        "error": [
            0.009779542750800951,
            0.04039392028550215,
            0.2280829079293667,
            0.25103370022256866,
            0.3888373441382116,
            0.3688550167361577,
            0.4191736575273952,
            0.5129855037226319,
            0.4604613836840188,
            0.523338939269046,
            0.2220065265180482,
            0.3601866108811189
        ],
        "predictions": [
            1.87082699507777,
            1.8751398522481098,
            1.893122382316534,
            1.907814017705562,
            1.9193716530145268,
            1.9416136313551766,
            1.9290471415029713,
            1.9108112891849265,
            1.8781573496867845,
            1.8626922530951582,
            1.5299561690490198,
            1.6008258977098655
        ]
    },
    "2_mon": {
        "pvalue": 0.0322265625,
        "error": [
            0.2877718593370724,
            0.20902799864425803,
            0.24256809794935097,
            0.3860051702333338,
            0.3407238972824642,
            0.47098963884915834,
            0.5573222424159576,
            0.4981182684117742,
            0.521788422611575,
            0.4833944516499673,
            0.5274184997157858
        ],
        "predictions": [
            1.5469740726255352,
            1.8740674730314253,
            1.8993484154323443,
            1.916539479109649,
            1.913482511901483,
            1.9808631228247344,
            1.9551480278782523,
            1.91581423441454,
            1.8611417364376872,
            1.7913440941809389,
            1.7680577865445324
        ]
    },
    "3_mon": {
        "pvalue": 0.001953125,
        "error": [
            0.19583392607589278,
            0.20731997999671248,
            0.3506275037266102,
            0.3179387679652934,
            0.3752722887426998,
            0.4408845285705951,
            0.42700566120980477,
            0.12425671915926473,
            0.20219601807362242,
            0.06270924708108394
        ],
        "predictions": [
            1.86087340046306,
            1.8641002974797058,
            1.8811618126029255,
            1.8906973825843123,
            1.8851457727182759,
            1.8387103140328898,
            1.8447016272125705,
            1.463610032985377,
            1.510145660604594,
            1.3033485339098305
        ]
    },
    "4_mon": {
        "pvalue": 0.09765625,
        "error": [
            0.23157967094297338,
            0.3707397945760298,
            0.3384913543157073,
            0.39581843921173276,
            0.5074675604145533,
            0.5276735970169866,
            0.5659826198690834,
            0.4547258703424133,
            0.5093595878370298
        ],
        "predictions": [
            1.8883599884259668,
            1.901274103452345,
            1.9112499689347262,
            1.9056919231873088,
            1.905293345876848,
            1.9453695630197523,
            1.9053359336951956,
            1.7626755128733849,
            1.7499988746657764
        ]
    },
    "5_mon": {
        "pvalue": 0.078125,
        "error": [
            0.37686481870902444,
            0.343252313099893,
            0.40337057433882273,
            0.48184549920061936,
            0.4666844029660353,
            0.667329025203915,
            0.245994494650424,
            0.518287462904423
        ],
        "predictions": [
            1.9073991275853397,
            1.916010927718912,
            1.9132440583143988,
            1.879671284662914,
            1.884380368968801,
            2.0066823390300272,
            1.5539441371813956,
            1.7589267497331695
        ]
    },
    "6_mon": {
        "pvalue": 0.21875,
        "error": [
            0.3330995940211803,
            0.3979514151955761,
            0.515923600902322,
            0.13263287338489427,
            0.5278034485470842,
            0.6924236238567689,
            0.5681465140462496
        ],
        "predictions": [
            1.9058582086401992,
            1.9078248991711522,
            1.9137493863646167,
            1.55032883938766,
            1.8671567623731964,
            2.0003732663877405,
            1.8087858008749962
        ]
    }
}