{
    "cdc": {
        "pvalue": "NA",
        "error": [
            0.12421713954156055,
            0.12584967860060625,
            0.021562517788116464,
            0.19895210522772055,
            0.32715380809302275,
            0.36419290297848184,
            0.32791635809063346,
            0.38889419182391927,
            0.4961802776197193,
            0.46513008820562174,
            0.5044575374303149,
            0.236942735930616,
            0.5091453145832205
        ],
        "predictions": [
            1.980095326614563,
            2.0064562164291773,
            1.856308449750724,
            1.8639915796148878,
            1.9839341255760161,
            1.894727211854797,
            1.9006749727096524,
            1.8987676757994953,
            1.894006063082014,
            1.8828260542083874,
            1.843810851256427,
            1.5448923784615876,
            1.7497846014119671
        ]
    },
    "67": {
        "pvalue": 0.046875,
        "error": [
            0.2975188033083296,
            0.3485058162555268,
            0.40111178329108,
            0.17537707246304035,
            0.1870807885199941,
            0.25063324587183766,
            0.499208531820414
        ],
        "predictions": [
            1.8702774179273485,
            1.8583793002311029,
            1.7989375687533746,
            1.593073038465806,
            1.5264341023461063,
            1.5585828884028092,
            1.7398478186491606
        ]
    },
    "138": {
        "pvalue": 0.046875,
        "error": [
            0.30242869491680247,
            0.24633192004596727,
            0.4117920252070546,
            0.31729251643278555,
            0.2727213448845711,
            0.3053827049526314,
            0.27343175660792074
        ],
        "predictions": [
            1.8751873095358214,
            1.7562054040215433,
            1.8096178106693492,
            1.7349884824355513,
            1.6120746587106833,
            1.613332347483603,
            1.5140710434366673
        ]
    },
    "22": {
        "pvalue": 0.109375,
        "error": [
            0.259218718041464,
            0.28123986739986484,
            0.4429595515188729,
            0.33862162843005117,
            0.45302453179222923,
            0.32262139437678816,
            0.28248916119800804
        ],
        "predictions": [
            1.831977332660483,
            1.791113351375441,
            1.8407853369811675,
            1.7563175944328169,
            1.7923778456183415,
            1.6305710369077597,
            1.5231284480267546
        ]
    },
    "64": {
        "pvalue": 0.6376953125,
        "error": [
            0.0114172267784316,
            0.18293251285863255,
            0.2694020718153536,
            0.44670162827578275,
            0.38238722066318576,
            0.5221227077376811,
            0.5786315115316591,
            0.463763811289585,
            0.4974698406751288,
            0.3677232047922525,
            0.366586872132344
        ],
        "predictions": [
            1.823328705184176,
            1.8479719872457998,
            1.926182389298347,
            1.977235937152098,
            1.9551458352822046,
            2.031996191713257,
            1.9764572969939538,
            1.8814597772923507,
            1.836823154501241,
            1.675672847323224,
            1.6072261589610906
        ]
    },
    "135": {
        "pvalue": 0.1953125,
        "error": [
            0.2762806858177973,
            0.29342037994025616,
            0.3151994776859264,
            0.47310333460642684,
            0.36836744482019035,
            0.5087187989298667,
            0.34732430314641904,
            0.2532232964589354
        ],
        "predictions": [
            1.8068149946941126,
            1.866178994559275,
            1.8250729616615025,
            1.8709291200687215,
            1.786063410822956,
            1.848072112755979,
            1.6552739456773906,
            1.493862583287682
        ]
    }
}