{
    "cdc": {
        "pvalue": "NA",
        "error": [
            0.12421713954156055,
            0.12584967860060625,
            0.021562517788116464,
            0.19895210522772055,
            0.32715380809302275,
            0.36419290297848184,
            0.32791635809063346,
            0.38889419182391927,
            0.4961802776197193,
            0.46513008820562174,
            0.5044575374303149,
            0.236942735930616,
            0.5091453145832205
        ],
        "predictions": [
            1.980095326614563,
            2.0064562164291773,
            1.856308449750724,
            1.8639915796148878,
            1.9839341255760161,
            1.894727211854797,
            1.9006749727096524,
            1.8987676757994953,
            1.894006063082014,
            1.8828260542083874,
            1.843810851256427,
            1.5448923784615876,
            1.7497846014119671
        ]
    },
    "1_mon": {
        "pvalue": 0.90966796875,
        "error": [
            0.07690898748117747,
            0.0589579277623149,
            0.3063915265629167,
            0.2851121082657464,
            0.41511466069095393,
            0.367804884906642,
            0.4199524231931602,
            0.5220954866647387,
            0.44291843496822647,
            0.02769340588495739,
            0.45143622334999844,
            0.1534953878165044
        ],
        "predictions": [
            1.9575155253097485,
            1.8937038597249225,
            1.3586479478242506,
            1.9418924257487398,
            1.9456489695672692,
            1.9405634995256609,
            1.9298259071687363,
            1.9199212721270333,
            1.8606144009709922,
            1.3116599079411548,
            1.75938586588097,
            1.394134674645251
        ]
    },
    "2_mon": {
        "pvalue": 0.0185546875,
        "error": [
            0.07451426291995822,
            0.24863503273090415,
            0.2936402880232585,
            0.4370089404315316,
            0.3805213912739156,
            0.5030054808734643,
            0.5833214565166496,
            0.48843873565009743,
            0.4917551981520687,
            0.44279445681400054,
            0.5081381482385636
        ],
        "predictions": [
            1.9092601948825658,
            1.9136745071180714,
            1.9504206055062518,
            1.9675432493078469,
            1.9532800058929345,
            2.0128789648490404,
            1.9811472419789442,
            1.9061347016528631,
            1.831108511978181,
            1.750744099344972,
            1.7487774350673102
        ]
    },
    "3_mon": {
        "pvalue": 0.005859375,
        "error": [
            0.21296434364954853,
            0.19255464202770756,
            0.3625641793210794,
            0.3115501706971011,
            0.3707924537935572,
            0.15883132120541044,
            0.38634967194405334,
            0.1377105156430498,
            0.210310948102715,
            0.05979673468871516
        ],
        "predictions": [
            1.8780038180367158,
            1.849334959510701,
            1.8930984881973947,
            1.88430878531612,
            1.8806659377691333,
            1.2389944642568842,
            1.804045637946819,
            1.477063829469162,
            1.5182605906336866,
            1.3004360215174617
        ]
    },
    "4_mon": {
        "pvalue": 0.734375,
        "error": [
            0.26215378848455906,
            0.37329279582486596,
            0.33047369152890993,
            0.38672438228991757,
            0.48248603973271087,
            0.2321647020774842,
            0.41876489327170385,
            0.44662700690134205,
            0.5741798703565157
        ],
        "predictions": [
            1.9189341059675524,
            1.9038271047011812,
            1.9032323061479288,
            1.8965978662654936,
            1.8803118251950055,
            1.1855312639252815,
            1.758118207097816,
            1.7545766494323136,
            1.8148191571852623
        ]
    },
    "5_mon": {
        "pvalue": 0.078125,
        "error": [
            0.400914929123954,
            0.3252127364510886,
            0.3814239543693785,
            0.4761985066820065,
            0.41713996344623316,
            0.430162291980583,
            0.01657070305841546,
            0.49625306535776303
        ],
        "predictions": [
            1.9314492380002692,
            1.8979713510701075,
            1.8912974383449546,
            1.874024292144301,
            1.8348359294489989,
            1.7695156058066952,
            1.324520345589387,
            1.7368923521865096
        ]
    },
    "6_mon": {
        "pvalue": 0.109375,
        "error": [
            0.3604622278060261,
            0.4369440790345094,
            0.5419832121949453,
            0.42987946850610137,
            0.5264477008291264,
            0.4783285067994347,
            0.5219252162929371
        ],
        "predictions": [
            1.933220842425045,
            1.9468175630100855,
            1.93980899765724,
            1.847575434508867,
            1.8658010146552386,
            1.7862781493304063,
            1.7625645031216837
        ]
    }
}